Campaign,Ad Group,Keyword,Criterion Type,Final URL
Nitrello · Search · Isère,Automatisation des tâches,automatisation des tâches,Phrase,https://nitrello.com/automatisation-ia
Nitrello · Search · Isère,Automatisation des tâches,automatiser tâches répétitives,Phrase,https://nitrello.com/automatisation-ia
Nitrello · Search · Isère,Automatisation des tâches,automatisation entreprise,Phrase,https://nitrello.com/automatisation-ia
Nitrello · Search · Isère,Automatisation des tâches,automatiser processus entreprise,Phrase,https://nitrello.com/automatisation-ia
Nitrello · Search · Isère,Automatisation des tâches,logiciel automatisation tâches,Phrase,https://nitrello.com/automatisation-ia
Nitrello · Search · Isère,Automatisation des tâches,automatisation ia pme,Phrase,https://nitrello.com/automatisation-ia
Nitrello · Search · Isère,Automatisation des tâches,automatisation des tâches entreprise,Exact,https://nitrello.com/automatisation-ia
Nitrello · Search · Isère,Automatisation des tâches,automatiser devis facture,Phrase,https://nitrello.com/automatisation-ia
Nitrello · Search · Isère,CRM et outils de gestion,crm sur mesure,Phrase,https://nitrello.com/#services
Nitrello · Search · Isère,CRM et outils de gestion,créer un crm,Phrase,https://nitrello.com/#services
Nitrello · Search · Isère,CRM et outils de gestion,logiciel de gestion sur mesure,Phrase,https://nitrello.com/#services
Nitrello · Search · Isère,CRM et outils de gestion,outil de gestion sur mesure,Phrase,https://nitrello.com/#services
Nitrello · Search · Isère,CRM et outils de gestion,tableau de bord sur mesure,Phrase,https://nitrello.com/#services
Nitrello · Search · Isère,CRM et outils de gestion,développement crm sur mesure,Exact,https://nitrello.com/#services
Nitrello · Search · Isère,CRM et outils de gestion,logiciel gestion tpe,Phrase,https://nitrello.com/#services
Nitrello · Search · Isère,CRM et outils de gestion,remplacer excel entreprise,Phrase,https://nitrello.com/#services
Nitrello · Search · Isère,Développeur freelance local,développeur freelance grenoble,Exact,https://nitrello.com/
Nitrello · Search · Isère,Développeur freelance local,développeur freelance isère,Phrase,https://nitrello.com/
Nitrello · Search · Isère,Développeur freelance local,développeur web freelance grenoble,Phrase,https://nitrello.com/
Nitrello · Search · Isère,Développeur freelance local,développeur freelance voiron,Phrase,https://nitrello.com/
Nitrello · Search · Isère,Développeur freelance local,développeur next js freelance,Phrase,https://nitrello.com/
Nitrello · Search · Isère,Développeur freelance local,développeur application sur mesure,Phrase,https://nitrello.com/
Nitrello · Search · Isère,Site vitrine,création site vitrine,Phrase,https://nitrello.com/#services
Nitrello · Search · Isère,Site vitrine,site vitrine sur mesure,Phrase,https://nitrello.com/#services
Nitrello · Search · Isère,Site vitrine,création site internet grenoble,Exact,https://nitrello.com/#services
Nitrello · Search · Isère,Site vitrine,création site internet isère,Phrase,https://nitrello.com/#services
Nitrello · Search · Isère,Site vitrine,site vitrine entreprise,Phrase,https://nitrello.com/#services
Nitrello · Search · Isère,Site vitrine,créer site vitrine professionnel,Phrase,https://nitrello.com/#services
